geohash,count
u1qcyr,1
u1qcyp,1
u1qcyx,1
u1qcyq,1
u1qcyn,1
u1qcyw,1
u1qfn2,1
u1qfn0,1
u1qfn8,1
u1qcvy,1
u1qcyj,1
u1qcvv,1
u1qcym,1
u1qcvz,1
u1qcyt,1
u1qfn3,1
u1qfn1,1
u1qfn9,1
u1qcyv,1
u1qcys,1
u1qcyk,1
u1qcyu,1
u1qcyy,1
u1qcye,1
u1qcy7,1
u1qcyg,1
u1qcyh,1
u1qfjb,1
u1qcvx,1
u1qcvw,1
u1qfj8,1
u1qfjc,1
u1qfn4,1
u1qfjf,1
u1qfn6,1
u1qczh,1
u1qcz5,1
u1qczj,1
u1qcyz,1
u1qcvu,1
u1qcy5,1
u1qcvg,1
u1qcvr,1
u1qcvq,1
u1qfj2,1
u1qfn5,1
u1qfjg,1
u1qfn7,1
u1qfnd,1
u1qfne,1
u1qczn,1
u1qcvn,1
u1qcvm,1
u1qcvj,1
u1qcvt,1
u1qcvp,1
u1qcyf,1
u1qcyd,1
u1qcz4,1
u1qfj9,1
u1qfj3,1
u1qfng,1
u1qfnf,1
u1qfns,1
u1qfnk,1
u1qfnu,1
u1qcy6,1
u1qfj0,1
u1qfj1,1
u1qfnh,1
u1qfju,1
u1qczp,1
u1qfjd,1
u1qfj6,1
u1qcy4,1
u1qcy3,1
u1qcy1,1
u1qcy9,1
u1qcz7,1
u1qcz6,1
u1qczk,1
u1qcyc,1
u1qcy8,1
u1qcy2,1
u1qcyb,1
u1qczd,1
u1qcz3,1
u1qcz1,1
u1qcz9,1
u1qcze,1
u1qcvf,1
u1qcvc,1
u1qcvs,1
u1qcvk,1
u1qfjs,1
u1qfje,1
u1qfjv,1
u1qfjt,1
u1qfnj,1
u1qcve,1
u1qfnm,1
u1qfnn,1
u1qfjy,1
u1qfnq,1
u1qfnc,1
u1qfnb,1
u1qcuy,1
u1qcuv,1
u1qcuz,1
u1qcvd,1
u1qfp0,1
u1qfj7,1
u1qfjk,1
u1qczq,1
u1qczm,1
u1qczr,1
u1qfjw,1
u1qfjz,1
u1qfjx,1
u1qfnp,1
u1qcz0,1
u1qcz2,1
u1qczc,1
u1qcz8,1
u1qczb,1
u1qczf,1
u1qfp5,1
u1qfp4,1
u1qfph,1
u1qfhb,1
u1qfpk,1
u1qfp7,1
u1qfpj,1
u1qfnv,1
u1qfpm,1
u1qczw,1
u1qczt,1
u1qczx,1
u1qczz,1
u1qczy,1
u1qfp8,1
u1qfp2,1
u1qfpb,1
u1qfnt,1
u1qfnw,1
u1qfhc,1
u1qcy0,1
u1qcvb,1
u1qfnr,1
u1qfnx,1
u1qcv9,1
u1qfj4,1
u1qfj5,1
u1qcv7,1
u1qfq2,1
u1qfjm,1
u1qfjq,1
u1qcwp,1
u1qctz,1
u1qcwr,1
u1qczg,1
u1qcuw,1
u1qcut,1
u1qcux,1
u1qcxr,1
u1qcxp,1
u1qcxx,1
u1qfp1,1
u1qfp3,1
u1qfp6,1
u1qfjh,1
u1qfjj,1
u1qfpt,1
u1qfps,1
u1qfpq,1
u1qfpn,1
u1qfpw,1
u1qfny,1
u1qfp9,1
u1qfpc,1
u1qcv8,1
u1qctx,1
u1qcwx,1
u1qcvh,1
u1qcv5,1
u1qcv6,1
u1qcv3,1
u1qczs,1
u1qfhf,1
u1qcuu,1
u1qczv,1
u1qczu,1
u1qfnz,1
u1r1b0,1
u1qcxz,1
u1r18p,1
u1r1b1,1
u1r1bn,1
u1r1bj,1
u1r1bp,1
u1qfjn,1
u1qfjp,1
u1r1b5,1
u1r1b4,1
u1r1bh,1
u1qfpy,1
u1qfpv,1
u1qfpx,1
u1qfpr,1
u1qfh8,1
u1qfh9,1
u1qfhg,1
u1qcwq,1
u1qcwn,1
u1qcww,1
u1qcwz,1
u1r1b6,1
u1r1b3,1
u1r1b7,1
u1qfpu,1
u1r400,1
u1qfq8,1
u1qfq3,1
u1qfq9,1
u1qfpd,1
u1qfpf,1
u1qfpe,1
u1r402,1
u1r1br,1
u1r401,1
u1r403,1
u1r404,1
u1qfpg,1
u1r405,1
u1qcv1,1
u1qcv2,1
u1qcv0,1
u1qcv4,1
u1qcty,1
u1qfh3,1
u1qfh2,1
u1qfhd,1
u1qfh6,1
u1qfpp,1
u1qfhe,1
u1qfh7,1
u1qfh5,1
u1qfh4,1
u1qfhk,1
u1qfhh,1
u1qfhs,1
u1r408,1
u1r1bx,1
u1r409,1
u1qfhu,1
u1r1bk,1
u1qfhy,1
u1qfhv,1
u1qfhz,1
u1qcur,1
u1qcuq,1
u1r40n,1
u1r40j,1
u1r40p,1
u1qcwy,1
u1qcum,1
u1qcus,1
u1qcuk,1
u1qcxq,1
u1qcxn,1
u1qcxw,1
u1qfr2,1
u1r406,1
u1r407,1
u1qfr0,1
u1qfqb,1
u1qfht,1
u1qfhm,1
u1r40h,1
u1qcug,1
u1qfhw,1
u1r40m,1
u1r40k,1
u1r40q,1
u1r1bq,1
u1r1bm,1
u1r1b2,1
u1r18r,1
u1r40r,1
u1qfh0,1
u1qcup,1
u1qfh1,1
u1qcwm,1
u1qcwj,1
u1qcwt,1
u1qcxj,1
u1qcwv,1
u1qcxm,1
u1qcxh,1
u1qcxk,1
u1qctr,1
u1r1bw,1
u1qf5g,1
u1qf5u,1
u1qfr3,1
u1qfr1,1
u1r40w,1
u1r40t,1
u1qcuf,1
u1r1bt,1
u1r1bs,1
u1qf5b,1
u1qcgz,1
u1qf5c,1
u1qfhx,1
u1qfkb,1
u1qfk8,1
u1r40e,1
u1r40d,1
u1r40s,1
u1qcxy,1
u1r18n,1
u1qcxt,1
u1qcxv,1
u1qcx7,1
u1qfqc,1
u1qfr6,1
u1qfr4,1
u1qf5e,1
u1qf5d,1
u1qf5s,1
u1r1bu,1
u1r1be,1
u1r1bv,1
u1qfhr,1
u1qfhq,1
u1qfk2,1
u1qfr7,1
u1qfr5,1
u1r1bd,1
u1r1b9,1
u1r1b8,1
u1r1by,1
u1r1bz,1
u1qcub,1
u1qctp,1
u1qcsz,1
u1qcuc,1
u1qcue,1
u1qcu7,1
u1r18j,1
u1qcuj,1
u1qcuh,1
u1qcun,1
u1qfq6,1
u1qfqd,1
u1qfqf,1
u1qcgu,1
u1qcu5,1
u1qcgg,1
u1qcgv,1
u1qctn,1
u1qcsy,1
u1qctq,1
u1qcge,1
u1qcgf,1
u1qcgd,1
u1qcu4,1
u1qcud,1
u1qfhj,1
u1qf5v,1
u1qcxs,1
u1qcxe,1
u1qcgy,1
u1qfhn,1
u1qfhp,1
u1r1ch,1
u1r40g,1
u1r40f,1
u1r40u,1
u1qcsx,1
u1qcsw,1
u1qcu8,1
u1qcxu,1
u1r40b,1
u1r40c,1
u1r18x,1
u1r1bb,1
u1r415,1
u1r41h,1
u1qcu6,1
u1r18q,1
u1r18h,1
u1qcxg,1
u1r185,1
u1qcsv,1
u1qcst,1
u1qctj,1
u1qfqg,1
u1qfqe,1
u1qcwk,1
u1qcg7,1
u1r417,1
u1r41k,1
u1qf5t,1
u1qf5m,1
u1r18w,1
u1qcsr,1
u1qcsq,1
u1qcu2,1
u1qf5y,1
u1r41e,1
u1qcu9,1
u1qcu3,1
u1r18m,1
u1qfq7,1
u1r40y,1
u1r40v,1
u1qcxd,1
u1qcxf,1
u1qcsm,1
u1qcss,1
u1qcsk,1
u1r187,1
u1r184,1
u1r186,1
u1r18k,1
u1qcsn,1
u1r18t,1
u1qcu1,1
u1qf5z,1
u1qcs7,1
u1qf5w,1
u1qf7b,1
u1qf5q,1
u1qf5x,1
u1qf78,1
u1qf5n,1
u1qf5j,1
u1qf5r,1
u1qf5p,1
u1qf5h,1
u1qf4u,1
u1qf55,1
u1qf4g,1
u1qf4v,1
u1qf4f,1
u1qf4d,1
u1qf72,1
u1qf4y,1
